Product_ID,Quantity,Product_List_Title,Unit_Price,Total_Cost,Discount_Rate
536,3,Product 53,120.43682132331526,8265.37454940804,0.2
523,6,Product 33,475.7249935818949,4047.8504787607,0.0
535,3,Product 6,146.40055601470172,5096.553818483975,0.05
546,6,Product 68,19.373193554270635,8194.281992877543,0.0
556,8,Product 89,193.22131303627867,8331.32924886882,0.2
549,8,Product 27,37.72697151189065,6894.375243656562,0.05
547,7,Product 83,193.9797749485852,4611.329101247279,0.15
542,1,Product 13,486.8076309770262,7623.669347238553,0.0
533,1,Product 54,455.0319594631582,6194.880826757808,0.0
529,8,Product 35,339.62446716236,5933.960843694132,0.0
521,1,Product 40,142.0608125232136,4697.420195618569,0.0
535,8,Product 60,426.6705205487488,5350.517195865819,0.0
555,4,Product 97,144.29507877767358,980.913486556204,0.0
524,9,Product 99,159.05737262177763,5943.900905880649,0.1
508,6,Product 70,277.8227995958245,6757.282871927786,0.15
546,9,Product 8,38.343780229108695,4743.788008955943,0.0
523,1,Product 88,380.7977818635983,5013.353792234297,0.05
510,4,Product 45,331.7974475135879,9438.36161081244,0.0
515,2,Product 95,379.5816472442196,7036.432792204224,0.1
549,9,Product 40,256.4677905033749,6980.821047923439,0.05
542,6,Product 84,184.944378545306,5034.828782162813,0.2
535,9,Product 63,160.81995752356536,7657.985051266169,0.0
548,2,Product 99,191.84533983076264,3755.9437915651183,0.1
520,1,Product 11,47.71993886183348,881.3191613109819,0.0
521,4,Product 57,256.4677905033749,6869.126171070717,0.2
531,9,Product 54,344.4824383994672,7743.24610741125,0.2
537,5,Product 71,345.86750277873176,6887.646511271185,0.05
534,8,Product 45,97.83409531224756,5671.2764325260505,0.0
542,3,Product 7,47.09286638179586,6154.682460834315,0.05
524,8,Product 84,373.5292002097704,7419.523116226637,0.05
528,8,Product 8,202.01109286213276,3869.92128893702,0.1
544,1,Product 80,38.465056519371394,4107.639467733516,0.15
516,8,Product 86,256.4677905033749,3135.9144573870635,0.1
546,7,Product 26,476.87935833122793,5096.553818483975,0.15
526,3,Product 55,278.7253898668457,6016.129646141524,0.05
531,3,Product 56,497.8592436544529,4293.659511892614,0.15
525,6,Product 90,343.01396304020284,1607.5392082791188,0.2
529,6,Product 7,323.83326066616354,4028.93899493158,0.15
538,6,Product 77,256.4677905033749,3887.663671868953,0.1
511,3,Product 8,222.07984108263997,9349.77168594007,0.0
545,3,Product 61,256.4677905033749,2167.170460122895,0.0
536,4,Product 31,42.34482362871837,5852.379462596614,0.05
546,5,Product 60,473.7636914436987,2226.899238564938,0.15
525,8,Product 6,139.3903724999222,5096.553818483975,0.2
533,7,Product 7,361.0345848594685,3854.4774449147,0.05
550,4,Product 76,163.26121471307349,4446.708505624851,0.05
501,9,Product 70,352.82338911483964,3876.6737049585863,0.05
553,6,Product 23,110.29325343806914,8853.637048945504,0.2
522,9,Product 2,383.5282860054704,5096.553818483975,0.2
512,1,Product 9,294.99492356470483,2925.695550750819,0.0
552,9,Product 1,239.86253341331357,5982.612282685112,0.2
560,7,Product 82,334.89312398367696,4253.975325986898,0.1
519,7,Product 63,389.9196136975364,6625.079861479777,0.05
516,8,Product 96,340.2571619914079,1274.9617933079762,0.1
560,2,Product 17,388.83951822014905,597.7027113890742,0.05
556,7,Product 42,474.0744268831744,6089.346099339957,0.05
535,5,Product 93,319.87174892090985,5096.553818483975,0.2
502,9,Product 38,276.68444339571187,6520.260197772526,0.05
522,1,Product 6,181.7550618002193,1261.7741897150763,0.1
503,1,Product 99,451.4708388883293,9486.723453533194,0.1
524,5,Product 12,256.4677905033749,3481.841726892759,0.05
520,8,Product 33,146.147860283959,1983.9143253406933,0.0
556,8,Product 10,391.76026733393553,9919.561370360172,0.05
508,1,Product 19,348.5331485099032,1829.8800788567476,0.0
515,6,Product 92,275.0434518806596,7684.411018513126,0.05
514,1,Product 52,199.94791467326704,5096.553818483975,0.15
506,4,Product 73,249.36286000335363,6140.916003462796,0.0
521,9,Product 50,36.77086580047643,5098.195438839339,0.0
544,5,Product 72,256.4677905033749,2750.777942018873,0.1
530,4,Product 18,316.18830880742945,1962.04909459085,0.15
547,2,Product 78,460.0289517512503,5018.163822309079,0.15
502,7,Product 11,316.0608835761205,1421.173874171535,0.0
531,4,Product 78,341.2528811457483,8545.42863207505,0.2
526,8,Product 37,322.4672409790084,5857.235884178425,0.1
560,4,Product 25,78.75901391482235,1318.255321104963,0.2
554,2,Product 92,167.36945479161722,6072.927223694795,0.15
515,2,Product 49,441.2768015815277,5262.118623944429,0.15
506,6,Product 20,328.167939042672,622.5259630004916,0.0
522,6,Product 20,206.9247279464577,5968.137572080779,0.15
510,5,Product 74,400.3738846237724,8151.60712834987,0.05
521,6,Product 78,356.78346163108847,5096.553818483975,0.15
538,9,Product 23,64.38906840774428,1802.91063745106,0.05
535,5,Product 59,280.72547402986567,5893.409520345019,0.0
521,7,Product 11,118.95703932660344,2304.3932963468287,0.0
532,3,Product 18,428.35461163528686,8109.3166538319665,0.05
557,1,Product 47,498.6465709527653,3237.7529966155303,0.2
552,3,Product 72,381.08200149587503,4596.7217630198,0.05
529,9,Product 81,17.404235265092765,1696.5743656039035,0.05
523,5,Product 52,425.22008597997313,6055.864207405013,0.15
516,4,Product 41,480.7072180014679,5980.145120760652,0.1
537,4,Product 39,210.61191519033895,6536.436390188143,0.2
506,6,Product 41,333.8969845811869,2221.2411509757867,0.0
527,8,Product 1,446.20535129172544,6279.035250073831,0.2
549,5,Product 27,265.4350633505281,6308.904306643778,0.0
551,6,Product 47,158.43614376381032,8151.585408936801,0.15
510,8,Product 1,436.9928767535186,2032.98990468964,0.15
510,3,Product 59,183.66822490859687,6382.1409859754485,0.0
539,5,Product 62,139.6711631934251,985.9269533937776,0.05
507,3,Product 98,61.64267687282456,1402.1701146695768,0.1
502,2,Product 21,395.2407696079184,3114.7722198515785,0.05
528,6,Product 35,97.88444504172809,6916.832430696043,0.15
542,7,Product 73,118.21786365187435,3869.328947358287,0.05
557,3,Product 67,482.8575310326912,9801.939773455848,0.0
526,1,Product 3,225.2131946123615,1317.3054918129606,0.2
526,3,Product 86,103.88054341006465,6321.560437596849,0.0
525,4,Product 70,384.57595675699713,3491.7252235945093,0.0
530,9,Product 50,36.140518524559866,7443.268284873524,0.0
538,4,Product 73,102.38489681713304,3653.729294990532,0.1
518,1,Product 28,256.4677905033749,4699.317498845673,0.15
537,7,Product 16,264.1634872464916,5989.166977385305,0.0
536,9,Product 36,447.3535314683725,1989.720700509654,0.2
540,8,Product 7,45.17014505099139,4812.9041563971405,0.05
558,6,Product 16,148.42307232669762,5096.553818483975,0.15
547,9,Product 53,488.7334076750823,629.9829402264705,0.2
530,4,Product 46,256.4677905033749,9670.375874488798,0.15
512,4,Product 2,439.9603228606961,3739.106428637804,0.15
534,3,Product 9,495.4327869622253,5695.824321862031,0.0
523,3,Product 73,97.83524983481712,1293.4866894601782,0.1
505,5,Product 58,110.6131399663319,9377.113868157694,0.1
544,9,Product 17,423.2298222160628,4313.886901345911,0.0
544,9,Product 67,446.5192121417419,7437.106318693867,0.2
536,3,Product 6,130.9436959089321,5096.553818483975,0.2
525,9,Product 92,14.889600562640194,9568.376324158702,0.1
511,5,Product 65,154.69772401019807,4662.696825859272,0.0
544,4,Product 44,308.7517383247818,2478.996205080921,0.05
506,1,Product 3,256.4677905033749,7422.234700247725,0.0
524,7,Product 30,250.6369073977509,4192.900304827193,0.0
550,6,Product 37,17.543496928741153,6256.971189074742,0.2
545,9,Product 98,327.6758236515268,1862.9598416711904,0.1
528,7,Product 14,467.02814898505306,6787.428558582983,0.1
530,1,Product 20,401.1636666325015,2387.123480525355,0.05
529,2,Product 37,256.4677905033749,831.6597502341262,0.0
538,9,Product 16,394.03174302686585,4402.493694996312,0.2
519,9,Product 52,20.73753109975439,1308.0356621477904,0.1
544,7,Product 46,483.7542949016498,9794.370477040138,0.15
551,7,Product 80,439.18271092335794,8332.479417243216,0.1
525,9,Product 37,311.9872381036048,7170.02081408103,0.0
542,2,Product 74,256.4677905033749,2421.792517002935,0.0
531,5,Product 85,256.4677905033749,8025.816350615923,0.0
552,7,Product 60,256.4677905033749,8472.213752312837,0.0
547,6,Product 59,164.6573984440415,4765.868295336196,0.15
538,3,Product 76,433.5722909654984,5096.553818483975,0.2
510,5,Product 1,314.0321546754656,3163.180149238419,0.0
504,3,Product 47,256.4677905033749,4089.472530408273,0.0
532,4,Product 95,11.871762102705723,1858.5106653244009,0.15
541,3,Product 31,153.26772410197464,5874.577030826247,0.2
530,5,Product 95,480.4664461586692,9843.888461879798,0.1
514,9,Product 77,285.4156692572598,882.451028587705,0.1
516,9,Product 21,404.20237479159294,4351.516838821972,0.0
504,2,Product 32,221.84965093764015,1175.978949340143,0.1
560,3,Product 93,256.4677905033749,2365.982550784165,0.2
506,2,Product 4,312.22396784774514,654.3127104898101,0.15
541,3,Product 25,448.71958368505295,1482.6240911745922,0.0
532,9,Product 60,169.39461567128524,9494.184324576288,0.1
549,4,Product 13,262.35277325776434,1765.4942792979723,0.0
550,5,Product 35,476.1973782143273,5096.553818483975,0.15
515,9,Product 13,198.9428203315333,9017.459255455597,0.15
523,6,Product 56,313.56783801778863,4234.8977301931445,0.2
554,4,Product 99,182.94966669165476,2337.635758086584,0.2
504,2,Product 74,174.2867345383649,2156.8880375592453,0.05
519,1,Product 44,211.85946656670995,1644.2497299673716,0.15
501,5,Product 3,137.5159330127624,9879.693506505686,0.0
532,3,Product 66,327.4305485353589,5179.406172156327,0.0
517,5,Product 22,190.2151340005149,2148.212478372709,0.15
542,9,Product 61,334.2253013159297,2182.9584706149426,0.15
501,8,Product 2,237.4066281322169,2727.043200109389,0.0
553,8,Product 61,204.83006549090655,8580.458016143602,0.1
558,8,Product 6,222.03727664965527,6170.651560193233,0.1
532,9,Product 42,207.4079084899922,4855.098529248661,0.0
534,6,Product 89,315.5879013622304,2903.7502387424056,0.2
537,5,Product 89,122.90416443750144,873.059435295697,0.0
539,1,Product 22,132.9375923886402,6901.469533565044,0.1
544,9,Product 26,461.2873153373222,2699.014530770332,0.05
513,9,Product 75,94.13001477567028,9379.93419713886,0.2
546,6,Product 21,191.2084954337165,8361.753996603446,0.15
526,7,Product 47,40.57309361315585,5096.553818483975,0.05
528,2,Product 80,485.425983765768,4548.151760546192,0.0
503,1,Product 82,330.6275826914327,728.0479260264442,0.1
546,5,Product 81,398.6400082584023,8352.23520481891,0.1
533,4,Product 24,314.9481996624506,1481.01758431296,0.1
533,8,Product 95,295.7634940957778,2496.0183326673423,0.0
532,6,Product 46,440.80102857461134,5799.799918770696,0.1
546,2,Product 98,319.15167721229005,5548.8216847984,0.15
550,2,Product 88,450.29469629067125,3762.17367068762,0.0
557,6,Product 91,420.6959377444349,6857.580784286234,0.0
560,5,Product 55,353.55840126456206,2577.7819446121225,0.15
549,9,Product 71,217.08830653666848,6875.384992316773,0.05
516,3,Product 71,307.29854511154383,6925.430144790879,0.15
501,3,Product 68,277.7508548781452,8264.400466025749,0.05
506,9,Product 15,56.74564588347321,5080.254939738498,0.15
532,5,Product 75,351.11651111758334,2594.632574440118,0.2
534,9,Product 78,242.22139785689032,6086.00440258147,0.05
547,9,Product 5,394.04232281721255,2684.940662650785,0.05
509,1,Product 98,24.71274261140248,561.4113990022503,0.0
522,7,Product 96,31.510971895072508,8299.319664341838,0.2
547,2,Product 60,256.4677905033749,698.8741193539661,0.1
552,3,Product 42,237.85466358794952,727.4895200695931,0.0
508,4,Product 37,290.577544112191,4981.528456425172,0.2
546,2,Product 83,263.8006585791637,7302.474745800372,0.0
502,2,Product 93,420.1886176370196,3495.9555610281163,0.2
538,1,Product 97,137.1924601447741,5877.175036434299,0.2
523,3,Product 74,234.27280652805405,5096.553818483975,0.15
547,7,Product 78,359.8858344552821,1159.2438160897425,0.0
529,4,Product 64,113.701590299232,5096.553818483975,0.0
543,3,Product 18,53.41630984514274,5096.553818483975,0.2
514,9,Product 89,339.7071176130591,6956.515232753864,0.1
542,7,Product 13,46.31165706168487,5096.553818483975,0.2
511,7,Product 17,128.5277141153157,5096.553818483975,0.05
543,4,Product 15,208.2184189311961,9009.054470532858,0.15
556,8,Product 80,42.6167166779692,3315.0951180481006,0.1
511,7,Product 92,256.2893088887639,4109.801250171249,0.0
552,4,Product 37,483.3632775130519,5096.553818483975,0.0
534,3,Product 11,51.43703526764655,5096.553818483975,0.1
536,8,Product 53,446.300663437471,4119.042527723012,0.1
544,4,Product 82,256.4677905033749,2182.281426274253,0.1
535,6,Product 75,427.7482364105255,5096.553818483975,0.0
524,1,Product 78,101.98397878920352,8471.892776672148,0.0
504,3,Product 48,142.69510073811657,3286.8575036895936,0.0
511,6,Product 29,396.753495676646,7155.80921574729,0.05
534,1,Product 1,36.62269706322287,5923.335459975025,0.1
528,6,Product 14,367.3789491031182,560.6009123626114,0.0
510,1,Product 76,222.8576263132388,6806.332511100889,0.0
525,8,Product 11,471.934916356115,5096.553818483975,0.1
502,9,Product 59,444.185783303472,1765.2301938414723,0.0
508,8,Product 84,457.75633749789705,8792.164504873814,0.1
515,6,Product 79,67.60013707360778,8290.641269528669,0.05
518,6,Product 35,256.4677905033749,4678.628577281432,0.15
526,6,Product 73,134.1034679261304,6663.271168514167,0.2
507,5,Product 22,439.9017220350909,1253.1627039963216,0.0
522,7,Product 16,356.41847885330094,9307.67592771227,0.1
548,8,Product 67,256.4677905033749,3423.8236002849167,0.1
543,6,Product 90,307.79881471686974,5786.414054813809,0.0
549,9,Product 78,442.45433961845015,1056.3704002030718,0.2
549,6,Product 40,376.61011690393474,9900.300667151065,0.15
508,5,Product 51,414.45367542073456,3317.8185804923846,0.2
506,6,Product 40,198.3339688768261,5096.553818483975,0.0
547,9,Product 28,17.199760440927385,5096.553818483975,0.2
541,4,Product 12,42.95539784401025,1671.195903339995,0.2
519,8,Product 66,251.50364637924883,1128.5692939271844,0.0
539,6,Product 5,56.50978904261816,5426.336042324472,0.1
507,3,Product 93,292.7900671587772,2031.5787137636644,0.2
539,1,Product 93,256.4677905033749,5343.613090729348,0.2
506,8,Product 90,214.9835934101173,3071.117448826774,0.15
507,3,Product 99,475.8786267883556,3268.8786781910417,0.15
508,6,Product 38,446.1691573240472,3750.022398204144,0.05
508,2,Product 22,186.6091452993282,6597.285409613636,0.2
506,3,Product 34,292.5841754403006,1705.9719306722404,0.05
502,5,Product 6,430.8202178723958,9653.059501006112,0.2
532,1,Product 78,407.33050469388,6483.296217129723,0.0
537,2,Product 45,256.4677905033749,5096.553818483975,0.1
528,4,Product 12,330.7788365643177,4570.350086563557,0.0
531,2,Product 74,256.4677905033749,8690.928249752793,0.0
513,7,Product 46,152.347207778996,2310.7934142072727,0.05
501,7,Product 73,275.462872491106,9126.176181505793,0.05
529,4,Product 76,10.663276600579396,5096.553818483975,0.2
533,6,Product 55,103.15274839402652,5096.553818483975,0.0
520,5,Product 48,189.18356664807197,9091.417862441644,0.1
545,4,Product 52,263.1822087608712,4425.138913473335,0.2
515,1,Product 60,405.5062133087925,8906.12361811204,0.0
521,3,Product 62,480.85087199512407,4474.700567094169,0.05
503,5,Product 31,60.258301665959,4708.820210207385,0.15
501,8,Product 10,418.0868846262528,5096.553818483975,0.0
505,2,Product 24,410.3927895876368,2647.7511746003456,0.0
550,5,Product 74,141.02699365019524,1477.004625496029,0.2
514,1,Product 50,73.54269932987532,6085.920479906411,0.15
560,7,Product 92,293.3662157159767,6803.474142177796,0.0
555,6,Product 45,487.9181354047446,1368.5089222628126,0.15
556,7,Product 61,64.64098403742543,8113.734874118059,0.1
541,3,Product 20,235.235786497304,7463.50101861492,0.15
553,3,Product 69,209.6960852058911,5103.110953260103,0.05
512,7,Product 35,496.6949575572524,9359.271344983465,0.05
506,5,Product 28,135.66689989821532,4551.747598797681,0.15
550,6,Product 34,425.7284357543571,3785.157934899037,0.05
537,2,Product 14,256.4677905033749,2631.0263091084994,0.1
501,8,Product 79,150.94003723140233,4223.150347967136,0.1
505,6,Product 81,45.43507287638992,1868.748467125396,0.05
550,2,Product 4,145.39636314826828,9889.99944265307,0.2
551,4,Product 82,381.8003643410893,6920.317788488699,0.1
512,3,Product 94,278.9407458879044,5096.553818483975,0.05
532,3,Product 96,256.4677905033749,9324.165723532871,0.2
514,8,Product 53,319.3952713970044,9708.5572166997,0.0
514,2,Product 5,367.2007202113501,9301.406080583756,0.1
517,3,Product 38,310.5129255948157,5980.37141245648,0.15
508,8,Product 97,16.735321465559174,4362.610104914987,0.05
554,1,Product 18,407.4506472674008,4322.859463343461,0.2
533,1,Product 82,371.57952274347247,3573.5389186121697,0.05
525,3,Product 88,180.5668406524612,7209.33854427499,0.05
553,7,Product 80,300.491688448974,5096.553818483975,0.0
558,1,Product 37,14.09820411965998,8813.769376900946,0.15
560,2,Product 96,406.03525290451887,6016.641303265707,0.1
505,1,Product 74,453.9826596358176,3930.2099002398536,0.15
543,3,Product 10,136.76870465616605,3311.354279647853,0.15
514,1,Product 96,170.10384559472,7437.3673005309265,0.1
522,7,Product 36,82.01172769822274,4406.376144384185,0.0
511,8,Product 61,213.72980072642773,6918.797570967194,0.1
531,3,Product 15,399.31261680046686,3411.402946406793,0.2
547,4,Product 42,308.903634368948,6926.595620445742,0.0
559,4,Product 15,349.87284816215964,5547.293174333853,0.15
555,2,Product 89,404.162889241962,2218.473063099534,0.0
525,5,Product 52,64.1116130714403,4325.685349448322,0.2
554,5,Product 25,296.0486624519147,2022.1432092768096,0.1
541,9,Product 78,290.15553174043686,1917.8699625440024,0.2
513,3,Product 45,414.1241863000337,9597.500639589583,0.05
558,8,Product 13,120.80141231233924,3430.448674150098,0.1
552,1,Product 92,217.4342206350668,5856.982750026322,0.2
527,2,Product 62,256.5111358821198,3933.3359011382704,0.0
524,9,Product 10,413.0420492482564,9538.725843799371,0.0
503,6,Product 34,486.9574833907624,5096.553818483975,0.05
518,2,Product 5,13.84237947823924,7481.795550251495,0.0
541,8,Product 28,106.36025662694976,5096.553818483975,0.2
546,3,Product 15,175.2312220272185,2038.2685630060305,0.2
557,6,Product 77,47.66241688532012,1281.587080632088,0.0
525,5,Product 78,488.24677340681467,6945.74969878006,0.15
540,5,Product 76,233.03427594949164,1763.5930896196237,0.05
526,9,Product 97,256.4677905033749,7809.764493779448,0.1
502,4,Product 97,167.53289361146216,5096.553818483975,0.05
533,5,Product 46,47.35721680704659,5693.608979685237,0.0
557,1,Product 56,490.7843392904168,5096.553818483975,0.1
539,2,Product 59,48.44334999539073,5096.553818483975,0.2
548,1,Product 33,256.4677905033749,5096.553818483975,0.1
547,4,Product 54,111.06353577971478,4791.525021823716,0.0
552,5,Product 16,356.6245300161346,1190.9820038973498,0.0
535,1,Product 25,355.2316697334482,4561.121313857546,0.05
527,1,Product 44,371.9743438560175,9214.046632487967,0.0
550,3,Product 47,302.6060999352479,4140.545976498891,0.0
536,1,Product 63,282.87043715432696,3647.846077995012,0.1
553,4,Product 91,430.7944968812414,5096.553818483975,0.1
501,9,Product 7,40.63788491399441,7129.411462299116,0.15
517,7,Product 55,256.4677905033749,2254.008344800008,0.1
506,3,Product 42,212.68491071013128,4179.563920765483,0.15
540,2,Product 57,155.31435698090604,1299.212791464137,0.2
555,6,Product 3,299.6538485966731,5791.884876112834,0.15
508,6,Product 36,110.11502786549543,1593.8886947544108,0.0
519,7,Product 89,226.84730225922533,2917.572650373472,0.0
512,7,Product 90,192.830083026968,8139.572867346899,0.0
508,7,Product 35,247.1547904080761,7359.62760993596,0.0
553,8,Product 10,124.75965175390373,3499.844936870212,0.2
526,3,Product 49,25.26305546876162,5951.725571932415,0.2
536,3,Product 63,10.976146257344432,5232.2344637064025,0.0
511,7,Product 82,256.4677905033749,987.291565321548,0.05
547,2,Product 16,14.076771691324089,2956.620115780448,0.0
523,4,Product 9,332.93225096479387,7482.739268803322,0.0
539,6,Product 72,145.7361369197296,5096.553818483975,0.1
506,9,Product 7,341.7009836684503,1526.4233140758677,0.1
532,2,Product 11,186.4247282914794,1967.6759380467952,0.05
545,5,Product 61,321.6107601450883,9966.999933586882,0.15
542,9,Product 94,297.91707684360694,7597.243537725774,0.15
514,5,Product 42,307.35500821466815,7102.054633758953,0.2
543,6,Product 89,368.87651403860576,2896.9633071620274,0.0
520,4,Product 49,158.9318310049634,3589.506364624008,0.05
548,7,Product 54,350.0352993499768,2720.5375243490703,0.15
520,8,Product 89,70.94051551025001,9326.874813511027,0.05
525,7,Product 35,43.54477247345325,5096.553818483975,0.0
502,6,Product 57,256.4677905033749,8407.453626779452,0.1
538,4,Product 70,473.8995271724638,4576.092508375326,0.0
534,4,Product 94,190.6665137237497,4279.724178665558,0.2
529,1,Product 81,386.10813797378,789.4050199351211,0.0
521,4,Product 88,371.3387820276319,4481.44499271231,0.2
554,1,Product 95,429.70323963648417,607.3740975957135,0.05
558,5,Product 15,331.7492261168593,4467.83646026145,0.2
549,8,Product 71,82.16502614052456,4581.896951873905,0.0
538,3,Product 49,256.4677905033749,9634.177083454066,0.2
536,8,Product 17,403.7334531366756,5981.325317967978,0.0
554,4,Product 4,87.06387200806053,3676.811200393112,0.1
502,3,Product 7,185.32890121563892,7545.5937924424015,0.1
514,4,Product 92,221.68927452130796,9784.159359381249,0.0
533,1,Product 18,445.1779125776776,5096.553818483975,0.15
526,3,Product 36,485.6315072507746,3249.675455385136,0.0
509,3,Product 46,237.47687467222025,7942.9608204680435,0.0
533,4,Product 76,246.6894518038561,7046.3327106081815,0.05
559,8,Product 81,132.01428069345403,2113.927195581044,0.15
508,3,Product 36,256.5349115502546,2364.3343087085736,0.05
544,9,Product 7,90.98940017004914,895.0001185426408,0.2
537,7,Product 62,43.493068151879726,3324.2284406726017,0.1
533,9,Product 29,72.6547325989846,5096.553818483975,0.05
549,3,Product 7,172.90351700286888,8347.614503208712,0.2
504,8,Product 50,256.4677905033749,3083.9867507713825,0.1
503,5,Product 54,315.6341115833645,9588.844121948823,0.05
503,7,Product 78,350.3740698579266,2252.360985068892,0.1
535,2,Product 4,256.4677905033749,5096.553818483975,0.0
539,6,Product 66,369.8775267170398,7239.669214022761,0.05
539,7,Product 10,334.59266573352335,8179.854519490064,0.0
519,3,Product 83,105.53784795114171,5096.553818483975,0.0
555,2,Product 10,498.6193534124457,9425.901595739077,0.05
553,4,Product 89,156.90225850696558,3462.8546397553896,0.05
545,4,Product 80,157.51257813881338,5714.291614654698,0.1
512,9,Product 63,256.4677905033749,653.9037747249386,0.2
550,7,Product 30,373.042987514515,8078.456501808033,0.0
511,7,Product 34,107.61548469808602,1560.133499593851,0.15
511,5,Product 75,167.61829493317882,2486.064050215037,0.15
555,6,Product 44,376.70833134135336,4550.784389615414,0.2
536,7,Product 4,299.4125386573725,9416.03294299474,0.2
503,9,Product 79,30.78692612137693,4472.375487546597,0.2
518,2,Product 19,298.8324548475016,5096.553818483975,0.15
530,4,Product 88,260.4532782262426,2236.9589087537624,0.2
507,4,Product 63,392.3843005497804,9387.10287851121,0.15
520,3,Product 22,97.88869418598313,8727.96468108943,0.1
545,7,Product 21,225.4728383888752,2217.458930342605,0.0
501,8,Product 22,449.7092742375567,5214.272608057732,0.0
531,4,Product 5,486.8082998564431,5383.906704236967,0.0
543,5,Product 45,154.6923420834922,7387.5577248416275,0.2
509,2,Product 97,498.1172600144016,8500.57107817862,0.05
513,9,Product 42,143.2535593150399,6241.413537290326,0.2
531,8,Product 79,190.5399707591237,6672.986444260846,0.05
559,2,Product 46,359.39256481081617,1390.8769994416566,0.1
550,2,Product 25,109.28999072631817,6440.636614567312,0.2
512,6,Product 5,10.005701030129408,9193.076958913613,0.0
537,6,Product 13,449.98040160925626,5642.066053945942,0.15
556,7,Product 12,482.398424080153,3000.8497919211063,0.2
544,5,Product 17,428.9647987937682,7449.1204171796,0.0
533,3,Product 64,151.70184868501542,6888.818995399667,0.0
554,9,Product 3,464.2842081406294,2782.8416727784843,0.2
555,8,Product 84,343.2548238690166,1069.4613581824287,0.2
516,5,Product 96,256.4677905033749,8409.811846598244,0.1
551,4,Product 81,255.30589135450472,4866.048543529419,0.0
530,9,Product 42,256.4677905033749,4974.122398129968,0.1
533,8,Product 36,423.98696040006223,1233.2815371514455,0.05
504,4,Product 53,395.8196431086431,7424.922400998994,0.0
510,2,Product 42,412.69716382682606,5930.272670087967,0.1
529,2,Product 58,65.51871731645745,4942.971518606332,0.0
546,2,Product 41,29.099867123953903,1431.07300541704,0.1
552,5,Product 42,256.4677905033749,8428.432007428462,0.05
540,2,Product 23,137.17547375628425,7519.23343276381,0.05
509,7,Product 56,245.6361718354744,4119.417099849799,0.2
527,8,Product 14,79.99256275902262,6751.971071536675,0.1
551,3,Product 45,172.4667025429249,5273.059228080576,0.1
502,2,Product 49,257.7607351767598,2273.0794280779846,0.0
512,1,Product 52,382.9085172228837,880.5616309815975,0.0
519,6,Product 27,234.880853132442,9052.509056419667,0.1
524,9,Product 32,228.31540298352652,6741.789733224019,0.05
538,8,Product 61,78.99344495741128,1028.252455964376,0.1
518,7,Product 23,484.20311798208536,5935.16815536096,0.0
512,9,Product 54,148.41458454874305,6312.394690980604,0.15
550,9,Product 39,300.8448583356051,6757.817567906711,0.15
508,2,Product 58,209.9943285246821,5096.553818483975,0.1
509,3,Product 62,374.0119318972901,7423.391517281151,0.15
556,1,Product 53,200.0347840592963,8783.174082164802,0.0
538,2,Product 32,25.554445032764423,7912.020161088519,0.05
554,5,Product 38,447.01735095726,2594.7905026386475,0.0
508,1,Product 77,287.4285387002847,5151.61872230431,0.15
513,5,Product 30,317.92896374114764,8230.37176536116,0.1
559,9,Product 5,59.67271980104798,9929.527057133751,0.2
539,5,Product 68,129.26437477707992,5096.553818483975,0.1
505,3,Product 36,177.53358627169027,8805.919674302266,0.2
506,6,Product 65,256.4677905033749,1150.2792993771595,0.0
539,6,Product 96,338.8671619560474,8236.674403053232,0.0
549,5,Product 33,293.61530971085085,959.4457549634184,0.1
503,2,Product 26,376.2477592323801,1929.486574556976,0.0
539,5,Product 22,403.7065442154735,7881.968213691684,0.1
538,8,Product 92,405.4130905331569,5096.553818483975,0.0
543,4,Product 67,303.53184770368694,7770.951956651386,0.05
550,3,Product 38,108.13818875513668,6137.883135694876,0.05
542,1,Product 60,256.4677905033749,8841.31837202234,0.0
553,5,Product 18,49.76309748275718,5096.553818483975,0.2
501,6,Product 69,222.57053559249948,2572.971578245636,0.15
559,5,Product 20,14.86267235263946,7864.818492432018,0.2
521,9,Product 21,109.1045484570221,5769.526735489489,0.15
522,4,Product 86,122.14897661691452,3824.4096089217833,0.15
530,9,Product 32,351.632597135722,8431.998454096836,0.05
543,8,Product 1,35.39954156866722,1038.4641055754364,0.1
557,7,Product 85,369.0225347892374,5096.553818483975,0.0
553,4,Product 65,273.7826521952996,8399.424164566124,0.1
547,5,Product 9,320.02882058681445,7627.524757419002,0.1
523,4,Product 72,264.4200396823005,7166.513601833944,0.0
544,3,Product 71,302.45741967500214,7933.0452160214845,0.0
512,8,Product 85,18.304355795894686,8557.037732648485,0.2
558,8,Product 76,256.4677905033749,5096.553818483975,0.0
524,1,Product 85,357.2951710622856,1681.2854935932685,0.05
552,3,Product 39,370.9022618840484,7077.365908466934,0.1
528,7,Product 53,256.4677905033749,5640.581336349025,0.15
530,6,Product 9,82.17849169669547,1638.9653879907648,0.1
507,9,Product 98,47.7161179966283,6248.3504261351145,0.1
546,8,Product 57,131.70796828417167,500.291829031133,0.2
545,6,Product 60,432.6938308630977,8771.540326845674,0.0
503,3,Product 53,150.83070226813408,3169.972626585447,0.0
547,3,Product 3,402.0017060642039,2505.6964543013555,0.05
512,3,Product 70,35.47478246907667,3870.902627660045,0.15
504,8,Product 9,256.4677905033749,8128.612874500045,0.15
511,8,Product 97,459.5680631346752,3080.5152221065114,0.1
525,5,Product 20,15.59481189249608,5723.75134637395,0.0
534,9,Product 18,222.45556838998104,764.5962878002068,0.0
524,2,Product 47,12.603603077489511,882.7124283909855,0.0
525,2,Product 49,373.7040617275527,1755.7067486617816,0.2
512,3,Product 69,59.47927234070293,6170.97962242514,0.2
550,7,Product 92,113.5035974217362,6296.025259344229,0.1
526,5,Product 95,191.0913577191189,8372.202608123749,0.0
504,2,Product 16,40.71791459471427,9714.301990779311,0.15
560,1,Product 92,130.83578113923207,2046.514397459179,0.2
559,2,Product 89,55.11282318041296,2498.02628471504,0.2
560,7,Product 97,165.61752967794718,3147.1090995928457,0.0
503,6,Product 44,387.8501797674245,6935.661676668798,0.1
503,4,Product 35,301.614520703784,5096.553818483975,0.15
545,3,Product 88,256.4677905033749,5137.687915452733,0.15
545,8,Product 63,255.2957498658067,2061.852526249348,0.2
555,5,Product 48,463.8350935315732,3832.781538682648,0.15
525,6,Product 40,294.2435289880328,3871.527993122264,0.05
535,5,Product 58,336.5288526533212,5118.239609541779,0.05
502,6,Product 61,490.77714001352433,2138.97683099044,0.1
519,8,Product 32,442.02839980331896,8218.50129991963,0.0
526,5,Product 58,256.4677905033749,8574.613639780451,0.2
533,4,Product 6,61.62881190291967,9130.128242854064,0.2
548,5,Product 32,314.9826843673384,565.3406410866685,0.05
509,2,Product 68,43.07624787507275,6764.518139778977,0.05
518,6,Product 68,387.37752376097706,9498.033897552354,0.15
515,8,Product 88,28.409834295464616,8524.326136357131,0.1
512,5,Product 83,255.1761286456247,7074.480253877576,0.05
540,7,Product 7,256.4677905033749,3617.705086577314,0.05
505,1,Product 1,340.0862545627048,6063.082996789819,0.1
521,8,Product 43,210.7388161542364,1418.125925733647,0.2
536,8,Product 6,18.88078011240757,5096.553818483975,0.0
527,1,Product 33,403.29375305293553,5380.224624545396,0.05
520,2,Product 18,15.956818023919537,4380.328023380584,0.1
551,7,Product 85,220.18272338077068,4261.403648861524,0.0
515,6,Product 29,256.4677905033749,2180.521032827847,0.2
544,9,Product 77,434.3868604697288,5965.912144726436,0.1
501,8,Product 55,207.7644911571797,5096.553818483975,0.2
545,6,Product 6,472.92076680370906,2649.5880850302688,0.2
514,8,Product 4,325.96797597093376,2756.0462891464463,0.0
557,1,Product 71,208.10197615488585,5096.553818483975,0.15
511,3,Product 29,315.08896146334246,3213.4468913413093,0.0
513,4,Product 36,222.40139405026085,1265.8463491112166,0.0
513,5,Product 82,141.73822204727483,9224.776649774802,0.0
512,6,Product 89,142.4927103284175,8528.648089212329,0.15
533,9,Product 40,265.51522297352125,2966.8729700289327,0.05
534,5,Product 42,35.65395989186148,2121.729451468562,0.15
537,4,Product 10,32.95743517852553,8344.254039826337,0.1
553,5,Product 3,256.4677905033749,1087.180376547615,0.0
513,5,Product 60,397.8635192697713,4221.553280341643,0.1
530,3,Product 29,86.54121865644477,5436.310920128572,0.1
553,9,Product 67,306.76256576847163,3723.400039440891,0.15
530,1,Product 98,142.99059641889005,2683.353895077375,0.1
505,5,Product 81,270.159462421926,8355.156329241156,0.2
554,8,Product 33,301.69860030446966,4173.71704191779,0.15
520,1,Product 26,89.8873150964796,5669.887293785171,0.2
553,2,Product 94,123.86831829746345,5955.731963357004,0.1
547,1,Product 78,490.7477748552885,5096.553818483975,0.0
554,1,Product 16,434.71747370794014,8239.374544744896,0.2
549,2,Product 17,388.6766909122653,5404.691342377903,0.1
547,5,Product 48,325.6331185231988,4929.844422928279,0.1
520,3,Product 82,314.43330003430896,6594.292571934391,0.05
522,4,Product 84,127.79546731781838,1605.4056090627107,0.0
542,2,Product 52,209.48217967155756,3372.985357146096,0.2
504,1,Product 81,256.4677905033749,9434.787552354324,0.1
505,7,Product 41,420.3098690873738,9518.09450933336,0.05
523,3,Product 90,356.47237386068207,8312.621506260866,0.1
546,5,Product 53,471.1491981415001,744.0516262593776,0.05
557,3,Product 78,328.2593755566492,9793.096351002305,0.2
549,4,Product 96,409.3204669848642,5361.220747589658,0.05
518,7,Product 73,346.63944058658893,8771.355824192418,0.05
520,7,Product 48,242.16681591499383,9696.725623781967,0.0
510,2,Product 99,396.57691117024353,6891.263836918433,0.05
527,2,Product 84,180.9220616450449,8136.146459593014,0.0
515,1,Product 12,128.56879385535223,1492.3179219514382,0.0
516,8,Product 22,256.4677905033749,8092.000725495429,0.2
541,5,Product 56,172.77360622664625,7647.779881885985,0.1
550,9,Product 35,393.1603888074,8191.9128445259485,0.0
516,9,Product 28,183.9130838297349,5096.553818483975,0.0
526,4,Product 61,89.72287446619728,6332.71791008971,0.05
529,8,Product 50,141.12041159670602,7632.31166750503,0.05
513,2,Product 64,120.75420892983986,8950.43345491575,0.15
535,2,Product 41,274.1563308406443,1891.144437726753,0.0
543,2,Product 20,163.32462316468764,6145.297359431674,0.2
517,7,Product 21,163.54047961672015,2163.669831238356,0.2
544,8,Product 80,184.874127833844,1719.095690793263,0.2
518,3,Product 58,111.46714651331908,9602.12108473462,0.0
525,2,Product 52,48.04817398908648,1285.999938372804,0.0
542,7,Product 70,238.49178050868332,5096.553818483975,0.2
545,7,Product 48,174.44912259222292,772.1980619877179,0.0
529,5,Product 93,205.52730564479305,5046.019514235464,0.0
560,2,Product 50,117.58142238260297,1040.3732788876423,0.05
526,1,Product 25,413.2620644704661,5096.553818483975,0.1
529,3,Product 23,349.1160870419408,5096.553818483975,0.0
541,4,Product 96,404.49425606287474,3083.5683142828875,0.0
527,7,Product 38,211.48384381734712,1229.2015879430112,0.0
552,1,Product 90,67.42991378331438,5306.350716035805,0.05
557,3,Product 46,392.8477093161795,2518.2491333569933,0.05
531,4,Product 71,256.4677905033749,5181.786053061834,0.1
544,8,Product 85,256.4677905033749,7521.136271424039,0.05
542,7,Product 12,305.78222827409377,8274.614035405584,0.2
536,4,Product 81,336.7552217397725,918.6256849186232,0.05
522,2,Product 45,255.05524851754723,2883.3514489616523,0.1
520,3,Product 74,272.6081886375379,3899.206868688134,0.2
547,2,Product 66,366.2578131915412,3411.11181568203,0.05
534,7,Product 67,128.5465233546095,1697.0192647079457,0.1
521,5,Product 15,360.06784039490867,4234.48712181431,0.0
521,3,Product 16,295.6337678340889,8569.740859144487,0.15
560,5,Product 13,405.26587598314006,7000.985364790775,0.1
542,8,Product 60,276.8035099608939,2615.422751669307,0.05
525,1,Product 11,196.45367783624832,9751.10392689292,0.05
556,5,Product 58,419.5547046761528,4330.5010152463165,0.0
539,6,Product 52,253.1667889123572,4278.00193711402,0.2
533,3,Product 30,442.62826009417387,5096.553818483975,0.05
538,6,Product 71,179.21755659999505,4232.5035344852,0.05
529,3,Product 34,148.4114889213018,8412.832297955167,0.2
555,9,Product 76,256.4677905033749,9072.83112305141,0.1
541,9,Product 84,454.8704089520135,9413.999422187502,0.1
534,1,Product 84,232.629257303151,7908.298398095647,0.15
558,7,Product 84,392.509541538523,4463.3374763634765,0.15
551,6,Product 97,150.85621579965257,5783.81157998511,0.2
553,2,Product 11,191.76109399730493,9908.15688603966,0.05
508,4,Product 72,32.00653650785177,1627.115774545013,0.1
550,2,Product 82,14.43653917438178,978.9593492209874,0.0
512,8,Product 87,476.5886749918214,2123.895822998059,0.15
536,5,Product 91,405.2798246504222,6233.523661760649,0.2
522,1,Product 18,359.47137280848267,7383.683725052475,0.05
505,2,Product 37,339.5056440322641,5096.553818483975,0.2
529,9,Product 84,345.7158118384972,3404.5675957492654,0.1
535,5,Product 80,261.78868746131616,6786.327485117588,0.1
559,5,Product 18,256.4677905033749,2414.5195910599723,0.05
517,1,Product 20,192.15225450410185,5096.553818483975,0.1
515,3,Product 51,15.93052722029264,8323.74615281228,0.15
544,4,Product 19,47.04646990220788,5989.965570593839,0.1
515,5,Product 13,107.50614809012404,6877.072839676759,0.1
549,9,Product 34,107.6424648687324,6208.6640537613175,0.05
535,3,Product 67,258.459226901972,5096.553818483975,0.15
510,7,Product 8,84.28158665204869,7449.216408409821,0.05
544,1,Product 16,86.67359084176428,8350.237704026775,0.0
511,8,Product 71,272.4717336803135,5035.45380006336,0.2
516,6,Product 97,152.12231066159407,5534.435575837213,0.0
521,1,Product 69,335.46749864459446,6035.787268774475,0.0
549,8,Product 40,320.8382075471268,8154.28799384807,0.05
521,4,Product 12,202.438064202994,6362.506472072235,0.1
502,7,Product 50,242.38496027870727,5096.553818483975,0.1
514,1,Product 81,350.35175935410984,8749.890477495874,0.15
546,3,Product 1,445.4429493300453,8463.189000277105,0.0
519,5,Product 57,470.9844150465229,9375.889084591156,0.0
502,3,Product 25,131.19675475135085,7074.106931493219,0.0
505,5,Product 96,128.33327777586524,4130.325010909408,0.1
518,4,Product 4,95.8586683318554,8419.618099514137,0.0
536,8,Product 79,410.22193858776166,7941.330838082453,0.15
539,7,Product 76,305.71161706125554,5149.229105362593,0.0
539,8,Product 88,382.8171521560831,4136.448953828885,0.0
532,3,Product 42,269.53326473335375,6162.778574763907,0.05
533,7,Product 69,60.23282239257248,657.6285660096798,0.1
515,4,Product 75,10.065999572197809,2577.743103074041,0.1
557,3,Product 9,256.4677905033749,9723.932371243876,0.0
508,9,Product 87,326.7647834025859,3729.7327060358575,0.0
504,9,Product 27,214.0871716329007,2442.259538410594,0.15
511,5,Product 13,256.4677905033749,2762.393209824115,0.1
524,9,Product 50,378.3560262739618,9530.061799066883,0.05
555,9,Product 87,448.1062082412929,4254.963496596,0.05
549,5,Product 38,284.73236452008547,1083.7397562424812,0.15
517,6,Product 36,163.77513602996362,8346.356931225153,0.1
555,1,Product 2,458.1288452857939,5707.37942591621,0.0
555,3,Product 66,130.2226339414434,3906.9050285591184,0.2
541,2,Product 89,297.0737463422244,4364.645609041374,0.1
517,3,Product 32,297.5988882138645,8076.383430316616,0.0
523,5,Product 30,89.06777251713801,6329.560078399146,0.1
517,5,Product 91,471.429073462435,8731.020243627152,0.1
522,3,Product 48,476.2006070772978,1627.7364073365588,0.05
534,9,Product 98,451.9506964070835,5096.553818483975,0.0
509,4,Product 70,256.4677905033749,8488.632748827618,0.0
514,3,Product 87,331.810471102533,7905.408663528603,0.15
515,3,Product 41,381.9125884357462,1452.332855367328,0.0
532,6,Product 80,73.739528216184,5096.553818483975,0.15
527,2,Product 88,42.56702963037334,5096.553818483975,0.2
537,3,Product 95,256.4677905033749,6886.381529294849,0.2
543,1,Product 62,478.0064515729337,6427.985612525333,0.15
514,3,Product 91,400.1583107652706,1066.0774248548653,0.05
556,9,Product 91,356.2486362405677,3581.129084839421,0.1
551,7,Product 19,91.2173921118764,5882.749959601898,0.1
508,8,Product 72,179.14418216216316,7065.030221022987,0.0
546,7,Product 27,115.05917666665064,7289.8289182693425,0.0
516,6,Product 96,144.8912245914115,4326.025105094892,0.1
513,5,Product 18,310.66601597635463,3755.128891963954,0.1
522,6,Product 1,243.6810521693053,5096.553818483975,0.1
508,9,Product 24,340.2697603388084,6957.12355991678,0.2
506,7,Product 58,393.0936930390184,4946.656015225756,0.05
506,3,Product 94,410.3172145632,6443.97816648285,0.1
560,1,Product 91,144.60486937346707,9072.923816217984,0.1
560,4,Product 82,408.9215859396693,3605.939731198415,0.2
504,6,Product 6,296.01965798836835,5072.140536582751,0.0
507,4,Product 8,253.3807571807938,5750.291543879108,0.2
560,4,Product 33,45.80996539323735,5096.553818483975,0.0
530,8,Product 35,147.69220446526967,6838.51720334472,0.0
522,5,Product 34,469.60296340260817,4369.972480021907,0.15
538,2,Product 89,256.4677905033749,5995.678828178636,0.1
503,4,Product 34,459.9371524709642,9415.580503034467,0.0
516,7,Product 92,195.75608384924877,2750.8665866131623,0.0
531,4,Product 46,68.06628556309425,8324.424302115247,0.15
509,3,Product 47,333.1602766339774,2255.964780496737,0.2
529,3,Product 72,376.6943682962125,5096.553818483975,0.05
522,3,Product 87,256.4677905033749,1275.1878400459643,0.0
543,4,Product 25,183.59295033643568,5096.553818483975,0.15
544,6,Product 84,122.0516220057683,3944.318067311398,0.05
517,4,Product 41,481.756491624071,7661.746785744173,0.0
508,1,Product 70,479.2146973910705,3742.5271365254953,0.0
559,4,Product 19,367.142106712274,4933.584648401879,0.2
527,7,Product 1,59.92727015234663,1326.663573876493,0.0
511,2,Product 5,255.1965613979986,4584.859534150068,0.15
545,4,Product 77,266.0625336750051,3099.5839696773305,0.05
507,4,Product 81,169.0107820859176,1261.0044027912213,0.0
538,8,Product 52,382.05332839005206,9173.893935453632,0.15
547,2,Product 86,92.07063365611278,8196.530354617174,0.0
559,3,Product 52,475.9550113062487,4373.606997525956,0.05
520,5,Product 56,256.4677905033749,5926.974464402425,0.1
520,5,Product 2,93.16693000269235,5096.553818483975,0.0
551,4,Product 81,256.4677905033749,5096.553818483975,0.05
541,7,Product 55,75.57589786984964,6785.838966477296,0.0
557,8,Product 47,232.83452785080397,4490.1045408087975,0.15
505,1,Product 43,330.5250411436581,2555.1613874928566,0.1
550,4,Product 36,256.4677905033749,6039.737081446044,0.1
519,7,Product 8,182.99469188414812,1166.027326591941,0.05
515,4,Product 32,33.61114607271515,7725.468603325182,0.0
556,8,Product 88,257.3498431692188,5096.553818483975,0.2
517,2,Product 56,256.4677905033749,9090.311268371868,0.0
501,7,Product 19,55.38648669516993,6498.065597458384,0.0
535,4,Product 90,272.4213692910396,6507.764436422332,0.2
557,1,Product 72,160.32053376584918,7123.055075310815,0.1
531,1,Product 9,280.8264671020872,7648.449207071696,0.05
502,9,Product 46,470.1435549306429,2654.339940536634,0.0
543,2,Product 21,51.70070819869483,5453.081704000541,0.05
512,6,Product 12,132.7292704083245,7721.5288330065105,0.0
520,9,Product 64,358.7441748155639,2539.6109309018766,0.15
555,8,Product 93,230.62458061001627,7474.436960895639,0.2
560,1,Product 33,257.91937479011654,1229.6289589870046,0.15
548,3,Product 43,256.4677905033749,725.2236596229246,0.0
534,9,Product 25,468.7775045197741,5632.844364234247,0.15
534,5,Product 73,14.428849848853169,8296.613527284404,0.15
530,4,Product 97,398.4514756506783,6767.0575928395065,0.0
508,1,Product 96,190.94757740561516,2048.681581241419,0.2
541,7,Product 50,59.88380464527308,6786.8884584805655,0.05
530,1,Product 35,403.3773580640053,5096.124128676149,0.1
559,3,Product 70,19.470539149624507,5874.924770989465,0.0
529,6,Product 23,145.32308333224074,3214.2218927784584,0.15
520,1,Product 14,203.6141447296366,971.3365467189558,0.15
516,9,Product 11,442.6669741665888,5096.553818483975,0.2
556,7,Product 69,428.9372695851224,2483.8938871986047,0.1
536,4,Product 87,169.3924029972564,933.0590005123536,0.1
560,4,Product 96,264.3258172634789,785.9867860075299,0.05
558,1,Product 10,464.8092280758362,9928.888891538729,0.1
515,4,Product 25,454.8408718029317,4434.340148048829,0.0
529,2,Product 99,354.88997490082227,5096.553818483975,0.2
517,5,Product 51,186.51462021220965,5789.456653817785,0.2
526,7,Product 74,89.21900375611133,5096.553818483975,0.2
532,9,Product 92,132.4789037348344,3494.7746291697827,0.1
532,8,Product 6,318.4832714769509,1841.62366204492,0.0
533,4,Product 94,131.30428743714435,5491.967919880985,0.05
556,9,Product 13,324.4498546762935,1985.0112217341784,0.15
554,6,Product 29,123.68890835131724,3686.030259065893,0.05
558,8,Product 33,256.4677905033749,5552.7817817976575,0.2
524,4,Product 76,169.86441984016193,2845.141762159463,0.05
518,5,Product 19,304.7614008569138,9030.664145053992,0.15
533,1,Product 61,256.4677905033749,3315.39732837624,0.15
546,7,Product 51,21.56153267630927,2979.960999231057,0.0
526,8,Product 60,259.3563722396174,6223.269698682584,0.0
516,8,Product 76,256.4677905033749,1066.3645907742607,0.1
507,9,Product 42,474.36713272259067,5302.333223703708,0.2
539,8,Product 85,361.98227593228194,1001.2699496662248,0.15
537,8,Product 21,256.4677905033749,8685.81640464146,0.0
544,3,Product 11,29.771905161252857,5769.9521311823655,0.0
517,8,Product 24,34.48972404324258,4295.428453575881,0.2
513,2,Product 97,472.4137804819082,8278.032180098482,0.1
558,8,Product 74,388.0971863795178,5096.553818483975,0.2
532,1,Product 54,461.440680984358,5096.553818483975,0.05
541,1,Product 18,489.4774795106789,6040.89772696929,0.05
520,3,Product 59,451.869273987652,3782.0681103727343,0.0
520,2,Product 53,379.5898369400411,810.2610774527109,0.15
518,3,Product 42,41.363109838224254,8585.931986546828,0.15
529,1,Product 81,354.2448457520554,2471.638893954183,0.1
522,2,Product 16,283.93904962383505,7673.769365729361,0.0
558,1,Product 50,156.7871821973982,5134.426026168118,0.2
509,6,Product 89,296.3799657811388,1396.9795277745689,0.0
537,8,Product 50,256.4677905033749,6558.85434753312,0.1
514,1,Product 56,406.4215837429214,5421.736231383276,0.05
536,3,Product 13,263.82395253826616,9833.952086432368,0.05
544,6,Product 62,256.4677905033749,9321.990340096245,0.0
540,6,Product 45,54.78182830257044,1353.8300914935262,0.0
534,3,Product 76,256.4677905033749,9365.44833371341,0.1
536,8,Product 47,362.0424341880495,3705.815650160175,0.0
542,6,Product 52,300.6475273293394,3674.830784644544,0.0
532,3,Product 80,256.4677905033749,4153.805221798299,0.0
555,8,Product 70,142.76192217501907,5096.553818483975,0.0
550,6,Product 60,254.45887562261157,3912.4830963355594,0.1
531,3,Product 60,231.1341153843349,2045.2777435021087,0.0
532,1,Product 30,101.20658989914048,2698.1160455800564,0.1
522,5,Product 46,422.9288320586719,8061.300677863272,0.05
547,5,Product 19,229.35997845110495,3235.4807554219287,0.05
524,5,Product 27,155.6724872505935,3293.640890679389,0.1
503,4,Product 34,327.8330888167196,5711.58994301954,0.1
502,8,Product 1,256.4677905033749,737.2307901119711,0.0
553,2,Product 96,200.20119600222785,9007.847057252467,0.0
526,9,Product 74,415.99224297397984,7087.510216534935,0.1
560,8,Product 6,353.57323217922726,7980.033602418093,0.0
541,9,Product 66,332.103206263363,9150.754313537009,0.15
519,3,Product 69,190.49013475923212,1089.3934610872657,0.2
506,1,Product 61,24.293184186179587,2601.767616237608,0.15
511,1,Product 53,184.9893680572464,6735.89123325624,0.1
507,5,Product 46,256.4677905033749,6217.163972481749,0.2
548,9,Product 59,264.8832472322681,6003.48743328841,0.15
550,8,Product 3,192.1447925371482,6996.73129243576,0.05
510,1,Product 48,247.69638338997467,3711.801888979483,0.0
548,6,Product 54,115.30719214783396,7951.851995521574,0.05
501,9,Product 21,37.52627790024512,6267.785168393981,0.0
523,5,Product 13,360.0200515101488,9759.56066246124,0.2
528,4,Product 4,256.4677905033749,5029.969338464682,0.0
552,9,Product 88,113.14840043601804,5096.553818483975,0.2
507,7,Product 5,99.8866762376829,7476.473926676074,0.1
512,6,Product 48,35.31767361240094,1405.9287520935336,0.1
545,7,Product 95,61.61928739585326,4928.725115711792,0.1
512,8,Product 24,423.3883353853937,3604.549705648885,0.1
506,3,Product 58,44.86755973498208,2594.23704033148,0.0
513,9,Product 93,113.87708680234245,6343.726835141399,0.15
502,6,Product 26,490.3806830616707,8041.271987126376,0.05
514,1,Product 3,29.07568202957705,5731.3021046880895,0.15
523,2,Product 93,85.86602017288273,7801.522643675419,0.05
544,5,Product 59,484.3522479048719,4264.969942233095,0.0
541,7,Product 12,334.3647829489956,4279.037688826433,0.1
506,1,Product 72,217.1370320780268,3637.7043412698017,0.0
513,5,Product 60,70.23113244803992,5090.218201479851,0.2
508,8,Product 91,256.4677905033749,5252.646084473723,0.0
547,5,Product 44,319.81825528244354,3924.507798844762,0.05
513,1,Product 57,256.4677905033749,1505.8060230247283,0.2
508,4,Product 92,256.4677905033749,9370.619518513966,0.1
542,3,Product 58,141.59546205228486,8961.255326887504,0.0
530,5,Product 56,226.72396467105628,9263.125694733182,0.1
534,1,Product 50,202.66564850368192,1643.6819984963456,0.1
521,6,Product 33,354.05158712909645,4416.657414400823,0.05
536,3,Product 22,467.1331826591393,2721.221914384109,0.1
551,4,Product 81,357.56720595157867,3418.555961702073,0.05
525,2,Product 47,309.16790995755804,5096.553818483975,0.1
538,2,Product 39,479.3877193178175,3349.449662881715,0.05
512,2,Product 44,489.7007464356564,2354.081913577179,0.0
526,5,Product 58,222.67027662729183,2159.1482660151305,0.0
503,6,Product 85,425.5406239047272,1304.539247815415,0.05
523,3,Product 65,227.52053270812516,5387.382613528995,0.05
515,8,Product 27,364.1414985970143,3132.1578722772965,0.0
523,2,Product 85,303.6580369083245,1784.56448027212,0.2
546,4,Product 51,352.48492595881896,5304.119065923052,0.1
555,6,Product 35,371.56364256895705,4406.3095207601655,0.2
544,8,Product 86,472.7798055202087,4271.425540971004,0.05
502,4,Product 85,492.5806173536132,5096.553818483975,0.1
524,6,Product 2,71.51960523370016,3516.72215244709,0.1
523,3,Product 18,302.8574585243245,6984.0583656083545,0.1
545,8,Product 94,283.09521309077394,962.6010597993328,0.05
515,7,Product 83,162.81329037927276,6844.745113657727,0.2
528,9,Product 31,420.57510367738377,5045.665166018297,0.15
518,8,Product 58,103.55402668510531,2051.984204784992,0.0
559,8,Product 69,53.751867017530735,506.2072122323458,0.15
524,2,Product 89,121.83532811191256,1377.4250170580958,0.0
555,3,Product 23,340.6452880620312,5994.417749607131,0.1
553,9,Product 74,321.61780651022696,8903.575438181331,0.15
536,5,Product 10,91.80701348612736,3836.5841798134174,0.15
541,8,Product 75,204.9399464960569,4861.678221223468,0.1
537,2,Product 19,218.1769130053626,6186.34843556872,0.0
550,5,Product 44,251.96887982389504,8029.65072548678,0.05
502,1,Product 79,150.39457897429023,6193.3432265606925,0.2
503,4,Product 24,433.9949218653671,4700.0168294573405,0.2
554,1,Product 45,200.80842009964888,5875.580322975843,0.0
518,9,Product 2,40.47958082070435,8394.01712502315,0.2
528,5,Product 22,256.4677905033749,4224.8889805934405,0.0
510,7,Product 80,256.4677905033749,6151.050105268141,0.1
540,7,Product 52,483.8472848755116,9338.784991608592,0.1
504,3,Product 48,499.4573798963124,2835.5507036873028,0.05
525,7,Product 45,327.7673618581572,8722.842640135932,0.1
502,5,Product 18,340.32384481267087,5096.553818483975,0.0
513,4,Product 58,256.4677905033749,9712.37451158078,0.2
515,4,Product 15,362.1824127482298,7048.448914975557,0.05
503,8,Product 89,256.4677905033749,2264.464184049263,0.1
540,8,Product 67,168.283399419506,2260.1300781686305,0.15
502,5,Product 49,432.2285428557992,4486.460136664698,0.05
502,5,Product 26,430.4314027935423,9515.316336946513,0.05
536,2,Product 23,441.67677276343215,5890.213969482697,0.1
557,5,Product 81,354.81289201823495,5096.553818483975,0.0
514,4,Product 9,161.79605101245863,4248.436995529776,0.15
545,4,Product 3,215.5295170390837,8359.370422503836,0.0
518,3,Product 96,43.81372038027999,8918.72683522878,0.0
521,4,Product 19,117.85454969332903,8370.167373920413,0.2
535,6,Product 66,321.82339795135346,6831.958778583832,0.0
555,1,Product 34,256.4677905033749,977.3085933183304,0.05
512,4,Product 58,256.4677905033749,4718.983790612877,0.1
557,7,Product 2,256.4677905033749,7755.076558828045,0.1
549,9,Product 87,230.1813735994246,8668.049410710633,0.0
510,4,Product 78,149.2943055344832,5096.553818483975,0.2
506,3,Product 78,256.4677905033749,9030.3852877155,0.05
549,6,Product 57,141.58154047312755,8321.095520460287,0.0
537,1,Product 86,175.2993179168554,6935.234733944291,0.05
559,3,Product 5,128.35305243382408,3965.813466974088,0.15
550,5,Product 57,460.5702020814644,5096.553818483975,0.1
529,8,Product 42,307.79853990383407,5736.019638205535,0.05
505,7,Product 5,105.6678954486811,5952.523727655599,0.0
539,8,Product 44,173.47791396006417,5096.553818483975,0.2
515,9,Product 45,100.96688540160908,9957.904554661534,0.1
520,6,Product 74,61.89384415784124,3121.265596615195,0.0
558,4,Product 81,98.9908442007353,3026.3202810051284,0.05
518,7,Product 35,256.4677905033749,2033.8494236102808,0.15
540,1,Product 89,19.380985318449973,9116.898623942709,0.0
554,6,Product 7,337.20268988554494,2007.9992520559408,0.0
532,9,Product 86,224.1279839761542,5096.553818483975,0.1
515,7,Product 39,480.33277332959307,7782.009504105458,0.15
528,2,Product 82,497.461454043316,9815.398157076874,0.0
547,7,Product 20,445.6726827306049,4704.484786361746,0.15
507,1,Product 75,44.54105336514088,5096.553818483975,0.0
544,7,Product 73,377.960501198026,1271.6815306633905,0.2
554,1,Product 46,218.36181086447,5632.817052007918,0.15
541,6,Product 10,265.5100218417713,6818.031895562996,0.2
510,2,Product 52,377.4891212415147,1018.37137868564,0.1
536,9,Product 38,453.9943910449236,5611.215700957078,0.15
559,1,Product 51,421.1086905818253,4059.858719820076,0.1
508,9,Product 2,153.7212192824767,9651.92304423736,0.2
520,5,Product 52,351.5965448869865,4450.276396174904,0.0
538,9,Product 17,318.8211375335174,1623.0769117653415,0.1
531,1,Product 28,412.4802978213402,6026.498150501274,0.1
517,2,Product 18,316.1440927668072,3618.214503944224,0.2
539,4,Product 53,336.6342347328434,2651.9554473430044,0.1
504,8,Product 75,355.6758068389083,7265.3019358657475,0.05
554,8,Product 87,106.4935951821799,4907.82613258543,0.0
532,2,Product 90,329.30348263386554,2026.4560547625288,0.15
515,9,Product 98,487.355277470015,1249.9243279922775,0.1
512,5,Product 65,256.4677905033749,4854.074148581966,0.2
504,6,Product 63,164.97237336736032,3990.21192262217,0.15
548,1,Product 10,104.9929032890774,1692.7230040355323,0.2
501,5,Product 95,134.0197541980083,927.4698017365316,0.1
542,9,Product 40,256.4677905033749,3410.946768834845,0.0
510,6,Product 92,45.72189933027272,4476.769111724134,0.0
530,6,Product 30,266.0299887319383,8520.01709021836,0.05
527,9,Product 32,425.0598052221108,4706.582297165506,0.1
558,5,Product 2,256.4677905033749,1435.029796463003,0.2
542,9,Product 44,34.61074561734715,1041.2979064749986,0.1
541,4,Product 74,359.1844532182713,4302.016620571884,0.1
530,5,Product 9,123.92793618183728,5773.770974155291,0.1
519,7,Product 37,256.4677905033749,709.628412481763,0.2
516,1,Product 84,258.82448133980176,8891.099213549127,0.1
516,6,Product 28,38.28875802030744,9157.722305746993,0.0
542,1,Product 52,215.4431139713508,4440.843727452844,0.0
513,8,Product 23,256.4677905033749,1778.4745374890235,0.0
551,8,Product 62,91.98743896051958,5691.356146417182,0.1
528,6,Product 16,173.6844831776969,2968.367310432845,0.0
509,2,Product 30,43.66970208474088,6485.884705185802,0.0
551,6,Product 5,355.518181329576,5096.553818483975,0.0
518,6,Product 51,42.838103498092885,5096.553818483975,0.0
553,7,Product 13,47.03597078849282,5096.553818483975,0.1
529,3,Product 97,243.4045093175384,4482.237321070153,0.1
526,5,Product 50,194.8858464419645,2871.8550510321866,0.15
560,5,Product 14,498.8378657270567,5096.553818483975,0.2
503,8,Product 11,184.10667675220495,6346.497408297937,0.1
512,3,Product 52,222.05577100363868,2785.0500592114126,0.15
504,8,Product 3,286.3962741284237,7290.156126217485,0.0
507,4,Product 16,385.1179077527718,4100.884611138833,0.2
528,5,Product 56,376.836164721838,2260.0683761415758,0.05
507,6,Product 91,256.4677905033749,7636.182801063406,0.15
516,6,Product 47,132.99067779852714,5840.793705112988,0.1
521,8,Product 16,419.3853106136752,1692.1198195919314,0.1
505,4,Product 33,420.86099858308216,510.5648948637804,0.1
537,7,Product 81,179.79684229683193,5860.202258503093,0.1
528,8,Product 66,202.3045112524452,5549.935450523946,0.05
515,9,Product 5,479.3170024842199,5264.42062332658,0.0
509,1,Product 55,105.95821122579233,5096.553818483975,0.0
513,2,Product 24,268.5619584486305,8390.916224102017,0.2
549,9,Product 5,214.1172559563232,2886.1080417098124,0.15
520,3,Product 90,119.90380680967208,9674.598493287602,0.0
512,8,Product 85,88.57904899867414,1502.0925608798389,0.1
546,4,Product 46,286.8918031018506,2902.1521233760564,0.15
513,2,Product 91,170.05323221869637,3902.327307026872,0.15
536,8,Product 93,465.2783648075768,2786.3698901929542,0.2
529,2,Product 61,205.0225935477064,4038.834849757926,0.0
511,2,Product 2,27.64922096279893,4330.473683265896,0.0
527,9,Product 49,18.600658049648167,3175.3524000035013,0.0
541,9,Product 50,424.5015054420887,1895.7582740458224,0.2
522,6,Product 63,455.87214048865206,8803.681846399259,0.05
507,5,Product 75,40.65677268753127,1333.9882520525198,0.15
534,6,Product 1,436.5582134719983,6053.159575964853,0.1
520,3,Product 54,395.8990520708018,9725.933619998716,0.15
514,2,Product 99,495.7506717664681,5096.553818483975,0.05
522,8,Product 54,44.80709563156104,2364.795871955137,0.05
535,1,Product 54,448.8806410332015,4306.689584927433,0.05
506,3,Product 69,80.00922105631174,5151.432389477325,0.0
550,5,Product 48,142.83716434439222,6229.926141167996,0.2
514,4,Product 70,243.4541233084579,9899.785744168035,0.0
545,5,Product 33,140.0098074021788,7694.188293617257,0.05
559,1,Product 12,403.8691271447889,6158.958329534531,0.0
530,9,Product 54,364.4873945539069,1938.6069865146512,0.15
522,5,Product 86,128.3353077164884,6498.858529538696,0.15
517,1,Product 3,412.8681445400474,5096.553818483975,0.1
511,5,Product 49,391.23236914088005,5091.295707180089,0.2
554,8,Product 95,42.817069892383046,5632.6494852805,0.1
511,3,Product 96,336.5668932881495,4319.258560438288,0.1
558,4,Product 7,482.1146280349183,3778.2955823757206,0.0
541,5,Product 19,112.50087804988463,9034.671432548332,0.2
555,1,Product 82,256.4677905033749,2097.934729781923,0.0
560,3,Product 25,256.4677905033749,714.3628612007988,0.0
518,4,Product 75,208.50032031850756,5096.553818483975,0.05
535,9,Product 5,125.13696844801686,8153.663650951748,0.0
537,9,Product 91,256.4677905033749,874.2224200817843,0.15
548,5,Product 33,476.2304479866257,3310.3289262170924,0.2
538,5,Product 96,323.9014399389548,4850.325447123265,0.0
560,1,Product 5,53.308624022414165,5096.553818483975,0.0
525,7,Product 83,131.70436758120212,5096.553818483975,0.1
535,3,Product 9,256.4677905033749,3022.215870576187,0.1
510,5,Product 83,256.4677905033749,5179.086116785748,0.0
508,2,Product 15,392.379096473372,898.1945588044466,0.2
508,7,Product 81,200.7229311289764,3165.707725760202,0.0
522,5,Product 7,258.39101460129893,9205.995173054627,0.05
528,4,Product 17,339.0247828469314,7510.534000277125,0.15
509,5,Product 88,439.39652223973263,5096.553818483975,0.05
533,5,Product 16,490.7604285779928,1138.724710860331,0.0
542,9,Product 38,236.24091046842835,1786.8655995495626,0.1
511,6,Product 48,256.4677905033749,6443.682499559127,0.2
504,6,Product 38,256.4677905033749,4814.744795998708,0.0
545,2,Product 16,248.9376267369333,1971.790455862705,0.2
